/*Format: [TextureName(must follow form as shown below)],[X position],[Y position] */,,
WindowsSize,1536,480,,
Mario,2,13,,
QuestionBlock,29,10,Coin,1
BrickBlock,30,10
BrickBlock,31,10
QuestionBlock,32,10,RedMushroom,1
QuestionBlock,33,10,GreenMushroom,1
QuestionBlock,9,10,Coin,2
QuestionBlock,8,10,Star,1
HiddenBlock,34,10
HiddenBlock,35,10
Pipe,25,12,,
StairBlock,22,12
FloorBlock,0,14,,
FloorBlock,1,14,,
FloorBlock,2,14,,
FloorBlock,3,14,,
FloorBlock,4,14,,
FloorBlock,5,14,,
FloorBlock,6,14,,
FloorBlock,7,14,,
FloorBlock,8,14,,
FloorBlock,9,14,,
FloorBlock,10,14
FloorBlock,13,14,,
FloorBlock,14,14,,
FloorBlock,15,14,,
FloorBlock,16,14,,
FloorBlock,17,14,,
FloorBlock,18,14,,
FloorBlock,19,14,,
FloorBlock,20,14,,
FloorBlock,21,14,,
StairBlock,21,13,,
StairBlock,22,13,,
StairBlock,23,13,,
StairBlock,22,12,,
StairBlock,23,12,,
StairBlock,23,11,,
FloorBlock,22,14,,
FloorBlock,23,14,,
FloorBlock,24,14,,
FloorBlock,25,14,,
FloorBlock,26,14,,
FloorBlock,27,14,,
FloorBlock,28,14,,
FloorBlock,29,14,,
FloorBlock,30,14,,
FloorBlock,31,14,,
FloorBlock,32,14,,
FloorBlock,33,14,,
FloorBlock,34,14,,
FloorBlock,35,14,,
FloorBlock,36,14,,
FloorBlock,37,14,,
FloorBlock,38,14,,
FloorBlock,39,14,,
FloorBlock,40,14,,
FloorBlock,41,14,,
FloorBlock,42,14,,
FloorBlock,43,14,,
FloorBlock,44,14,,
FloorBlock,45,14,,
FloorBlock,46,14,,
FloorBlock,47,14,,
FloorBlock,48,14,,
Flower,40,12
WalkingGoomba,28,12,,
GreenKoopaWalkingLeft,15,12,,
RedKoopaWalkingRight,36,12,,
WalkingGoomba,45,12,,
