/*Format: [TextureName(must follow form as shown below)],[X position],[Y position] */,,
Mario,100,400,,
WindowsSize,1500,480
BrickBlock,50,280,,
QuestionBlock,238,268,Star,2
HiddenBlock,600,280,,
UsedBlock,200,268,,
FloorBlock,0,448,,
FloorBlock,32,448,,
FloorBlock,64,448,,
FloorBlock,96,448,,
FloorBlock,128,448,,
FloorBlock,160,448,,
FloorBlock,192,448,,
FloorBlock,224,448,,
FloorBlock,256,448,,
FloorBlock,288,448,,
FloorBlock,416,448,,
FloorBlock,448,448,,
FloorBlock,480,448,,
FloorBlock,512,448,,
FloorBlock,544,448,,
FloorBlock,576,448,,
FloorBlock,608,448,,
FloorBlock,640,448,,
FloorBlock,672,448,,
StairBlock,672,416,,
StairBlock,704,416,,
StairBlock,736,416,,
StairBlock,704,384,,
StairBlock,736,384,,
StairBlock,736,352,,
FloorBlock,704,448,,
FloorBlock,736,448,,
FloorBlock,768,448,,
FloorBlock,800,448,,
FloorBlock,832,448,,
FloorBlock,864,448,,
FloorBlock,896,448,,
FloorBlock,928,448,,
FloorBlock,960,448,,
FloorBlock,992,448,,
FloorBlock,1024,448,,
FloorBlock,1056,448,,
FloorBlock,1088,448,,
FloorBlock,1120,448,,
FloorBlock,1152,448,,
FloorBlock,1184,448,,
FloorBlock,1216,448,,
FloorBlock,1248,448,,
FloorBlock,1280,448,,
FloorBlock,1312,448,,
FloorBlock,1344,448,,
FloorBlock,1376,448,,
FloorBlock,1408,448,,
FloorBlock,1440,448,,
FloorBlock,1472,448,,
FloorBlock,1504,448,,
Pipe,600,200,,
Flower,50,100,,
Coin,150,100,,
RedMushroom,260,100,,
GreenMushroom,360,100,,
Star,460,110,,
StairBlock,700,380,,
WalkingGoomba,525,150,,
GreenKoopaWalkingLeft,280,150,,
RedKoopaWalkingRight,450,150,,
